,gene_0,gene_1,gene_2,gene_3,gene_4,gene_5,gene_6,gene_7,gene_8,gene_9,gene_10,gene_11,gene_12,gene_13,gene_14,gene_15,gene_16,gene_17,gene_18,gene_19,gene_20,gene_21,gene_22,gene_23,gene_24,gene_25,gene_26,gene_27,gene_28,gene_29,gene_30,gene_31,gene_32,gene_33,gene_34,gene_35,gene_36,gene_37,gene_38,gene_39,gene_40,gene_41,gene_42,gene_43,gene_44,gene_45,gene_46,gene_47,gene_48,gene_49,gene_50,gene_51,gene_52,gene_53,gene_54,gene_55,gene_56,gene_57,gene_58,gene_59,gene_60,gene_61,gene_62,gene_63,gene_64,gene_65,gene_66,gene_67,gene_68,gene_69,gene_70,gene_71,gene_72,gene_73,gene_74,gene_75,gene_76,gene_77,gene_78,gene_79,gene_80,gene_81,gene_82,gene_83,gene_84,gene_85,gene_86,gene_87,gene_88,gene_89,gene_90,gene_91,gene_92,gene_93,gene_94,gene_95,gene_96,gene_97,gene_98,gene_99
LC_Sample390,9.29,3.92,9.59,2.01,4.59,1.06,9.97,8.23,2.33,5.38,3.99,3.65,4.95,4.65,6.13,1.01,6.92,3.7,5.39,3.37,3.87,1.13,2.97,1.94,9.7,1.98,7.86,8.94,6.25,2.31,9.33,2.13,1.51,6.24,8.94,5.78,9.79,5.77,9.84,7.34,4.77,9.9,7.26,7.01,2.32,3.58,7.3,0.56,1.83,3.78,4.56,5.24,7.54,3.31,6.78,9.44,8.46,0.89,7.18,7.1,4.63,2.49,7.34,8.87,0.67,0.31,7.13,5.59,3.12,3.87,6.76,4.39,8.35,1.71,8.5,9.27,8.46,7.8,8.01,0.95,0.97,5.91,1.83,9.09,9.77,8.04,8.1,4.67,7.26,1.87,3.11,2.56,3.65,6.72,8.2,6.32,9.49,0.55,3.91,3.66
LC_Sample391,5.35,2.58,6.23,0.99,3.35,4.62,6.86,8.47,5.72,7.47,2.23,4.43,5.61,7.19,0.8,1.77,5.41,8.87,4.37,7.68,3.17,9.17,2.02,4.01,5.62,4.88,4.15,7.46,1.89,2.19,4.75,9.76,2.04,6.96,9.83,4.03,7.33,5.62,3.79,2.35,5.2,1.91,8.2,1.82,8.41,2.0,6.56,3.91,0.65,7.33,9.06,3.1,5.82,4.41,9.48,6.5,5.37,7.1,8.12,5.36,7.8,7.62,8.68,2.76,9.33,2.17,5.08,4.49,0.57,6.3,0.3,2.99,2.3,0.3,8.02,8.41,1.61,1.13,4.42,5.06,9.12,2.8,2.89,4.11,8.57,6.09,3.56,4.43,0.55,1.79,0.76,7.99,3.42,6.37,1.64,8.54,3.59,6.59,4.83,9.36
LC_Sample105,7.73,5.28,7.95,6.73,8.14,8.42,3.58,1.89,7.6,5.02,9.0,5.53,4.0,0.66,9.75,3.96,5.8,5.09,5.71,0.73,4.05,6.48,2.46,5.69,8.55,5.2,4.24,2.69,1.6,0.02,9.73,1.55,3.04,2.19,0.18,8.76,6.61,2.41,5.41,9.03,5.22,2.95,7.71,9.86,9.38,3.97,2.26,2.56,1.11,3.93,9.04,3.17,5.42,0.58,8.44,7.74,8.35,3.08,1.76,9.56,8.73,0.49,2.91,1.82,0.49,4.46,9.54,7.66,6.61,0.28,5.93,4.51,0.6,6.15,4.47,7.96,0.62,9.43,7.37,7.52,0.69,8.18,6.72,2.6,4.63,8.23,3.93,0.56,5.64,0.03,8.79,6.34,4.71,7.59,7.76,1.79,6.96,0.81,0.24,4.78
LC_Sample256,5.81,4.48,9.56,5.31,7.3,5.3,1.91,1.95,9.88,4.89,6.62,1.5,6.0,5.05,4.92,4.26,6.43,6.13,7.33,6.93,5.83,0.74,7.28,6.09,4.33,4.18,0.38,1.27,0.03,5.2,7.26,6.09,6.27,5.12,1.24,8.91,2.21,9.06,8.15,9.36,4.77,9.76,9.79,6.1,2.51,1.34,5.06,9.82,3.1,3.96,9.5,2.8,2.4,0.59,3.25,6.35,9.14,3.69,5.51,7.84,0.51,9.56,5.18,8.77,0.27,4.47,3.95,5.59,7.87,4.4,6.69,4.32,8.08,0.54,8.67,9.71,8.14,6.1,1.89,1.05,0.46,6.2,6.53,7.65,3.78,7.1,3.04,1.45,2.27,7.56,3.25,3.75,8.58,8.11,5.23,7.22,3.78,2.28,9.16,6.08
LC_Sample221,1.71,6.98,6.5,0.15,1.31,4.37,9.91,6.03,6.34,3.62,3.71,4.88,7.22,6.34,4.58,7.09,7.78,7.37,4.05,5.7,4.49,9.55,1.19,8.85,1.93,7.42,3.42,9.1,5.9,7.73,9.05,2.7,5.93,0.14,4.87,9.61,9.59,8.88,1.02,1.81,6.88,5.28,6.27,3.8,8.63,1.83,0.98,7.23,2.34,1.47,5.27,9.36,7.38,0.72,7.08,6.13,9.58,1.93,2.3,5.68,3.59,8.34,1.24,0.06,0.58,7.07,6.5,3.26,5.68,0.23,8.4,3.96,9.69,3.73,7.43,2.56,9.05,3.16,6.01,3.58,2.57,4.42,7.22,9.12,7.02,6.02,8.7,5.08,6.55,2.54,3.26,4.02,1.94,2.92,8.31,7.15,5.66,6.68,7.37,2.1
LC_Sample56,1.79,6.02,3.92,3.56,9.18,1.4,9.68,9.17,5.94,1.52,5.08,7.76,6.89,4.44,7.76,6.43,8.34,6.19,6.58,4.19,1.63,1.29,8.92,8.39,6.42,0.01,8.62,9.76,4.12,0.06,6.27,6.31,7.04,2.42,8.58,5.18,8.87,5.38,1.4,3.8,5.67,5.58,2.32,3.66,4.96,8.44,2.93,2.19,3.06,0.63,5.25,4.27,5.23,1.81,4.94,9.71,5.87,7.8,1.35,3.56,3.46,3.11,4.42,0.82,2.09,5.42,0.87,1.51,9.57,8.36,6.41,6.55,8.22,4.5,8.78,9.77,5.81,9.84,8.63,8.39,4.14,5.53,9.53,0.19,3.67,9.32,4.67,7.27,6.32,9.62,2.04,5.46,3.83,8.75,3.98,1.88,2.89,1.44,2.9,7.88
LC_Sample160,0.98,4.63,4.25,8.99,0.85,4.44,7.05,8.79,9.09,9.51,5.86,8.56,6.19,9.79,1.46,5.81,2.92,3.41,8.12,1.44,5.55,6.25,4.7,6.12,4.74,2.36,3.1,3.55,6.3,2.02,5.87,3.07,0.26,7.94,9.59,9.81,2.07,2.85,2.82,3.98,2.7,1.25,4.78,4.68,0.67,6.67,1.57,6.63,3.98,8.46,7.43,8.48,9.89,2.32,6.0,0.58,1.61,2.81,0.79,1.31,8.31,2.2,9.56,2.52,3.13,8.96,5.83,4.4,1.66,8.84,4.25,5.13,9.66,8.23,2.48,2.94,2.1,3.3,3.49,6.58,8.41,7.46,6.38,0.77,6.65,2.44,7.63,6.95,0.26,6.61,5.3,9.4,8.42,5.73,3.63,9.03,1.62,0.79,7.54,4.33
LC_Sample68,6.55,8.75,6.68,5.4,1.56,9.58,3.84,7.57,4.81,5.46,8.37,2.2,3.97,5.85,3.48,4.32,9.92,0.29,4.08,6.08,4.22,5.56,4.38,8.7,1.62,0.36,1.68,3.37,8.15,1.95,6.35,6.82,7.62,4.58,6.3,0.42,3.89,7.9,5.4,8.33,8.76,8.95,3.2,7.13,4.52,4.59,1.25,8.09,3.96,7.51,1.85,3.27,3.95,8.79,6.69,3.32,9.56,7.27,3.7,1.43,2.19,6.68,4.95,4.39,1.43,3.84,2.03,1.05,3.45,7.17,0.51,5.31,6.52,5.66,8.97,0.86,8.39,6.93,8.17,4.72,7.21,3.37,3.93,0.96,2.95,4.64,8.94,8.97,6.62,1.33,6.73,4.95,5.28,9.16,8.49,6.47,3.21,2.72,2.74,5.84
LC_Sample171,3.69,4.35,6.96,8.04,4.94,2.01,1.03,7.48,4.56,7.33,9.74,9.13,8.45,7.59,3.7,4.88,5.54,7.92,0.81,1.05,8.6,8.02,3.68,8.66,9.3,8.11,7.8,5.09,3.21,0.68,5.23,7.7,7.07,0.38,5.05,3.68,9.91,9.52,2.76,0.99,2.77,1.61,0.77,8.12,4.17,3.83,8.07,3.81,8.63,3.28,0.79,3.28,2.74,9.79,2.83,2.11,6.67,4.05,8.59,4.02,3.15,6.4,5.92,9.42,7.25,0.48,5.25,1.85,4.15,0.21,3.61,5.68,7.91,9.56,1.09,0.48,3.1,7.78,4.83,1.04,4.38,7.29,5.26,0.73,4.04,7.26,7.42,1.04,5.41,8.18,3.82,1.92,7.06,6.29,9.21,9.16,1.59,6.69,5.83,7.1
LC_Sample488,0.28,5.9,1.83,9.54,5.91,4.62,2.43,1.09,7.66,3.82,2.57,5.51,2.88,0.25,6.26,0.11,4.01,1.99,2.61,4.51,9.93,3.22,9.39,0.7,7.46,4.41,3.76,3.4,4.87,3.35,4.21,6.33,4.59,5.52,7.67,2.0,3.34,7.72,4.67,7.6,6.15,8.76,2.53,6.21,8.09,9.85,7.15,4.48,5.86,1.19,2.63,6.18,4.03,8.53,7.56,6.96,2.84,2.83,9.24,9.37,2.18,1.74,4.16,0.87,2.46,2.25,5.93,9.1,8.08,1.41,1.42,2.46,4.26,5.4,1.63,7.05,5.45,4.48,7.15,2.25,0.44,4.46,6.06,0.89,6.48,9.0,4.57,3.05,4.31,3.83,8.94,5.8,9.07,6.89,5.17,8.14,7.26,2.52,6.62,6.49
LC_Sample383,5.24,3.74,3.76,9.13,8.21,7.09,6.66,9.33,3.82,7.23,9.4,1.32,0.85,0.51,0.42,5.93,5.65,8.0,0.49,7.98,6.8,2.72,9.31,4.41,9.24,4.45,5.66,1.66,0.35,3.14,2.28,8.49,5.9,7.57,6.58,1.58,3.42,7.26,4.77,7.53,1.94,1.21,5.4,3.53,9.74,3.23,4.86,6.31,7.09,0.0,7.59,4.06,3.4,9.12,3.17,0.37,9.24,6.72,3.28,4.24,0.8,9.53,9.53,8.5,9.92,8.15,9.13,2.73,3.27,2.38,8.46,1.86,6.7,4.53,7.0,8.33,6.94,1.65,7.69,0.07,6.12,3.78,3.2,7.08,2.46,7.85,9.71,9.61,3.47,1.53,3.86,5.82,0.73,7.82,1.84,5.93,7.33,6.49,5.57,4.69
LC_Sample211,1.46,7.16,8.09,8.66,2.1,8.72,0.46,9.46,8.68,1.83,1.86,8.12,1.0,8.25,3.38,2.25,9.72,3.09,6.66,6.83,5.56,9.04,2.25,2.03,0.5,6.52,4.24,0.75,7.98,8.19,7.46,1.71,0.43,8.24,0.57,3.12,8.85,1.89,4.03,6.01,1.13,0.83,3.88,4.77,5.55,9.89,5.85,0.41,1.95,2.51,6.24,3.42,9.77,8.72,0.24,2.3,5.83,2.55,8.23,8.94,8.28,9.03,0.06,9.16,0.59,6.19,0.12,3.49,9.22,4.44,3.81,7.67,9.55,4.57,0.09,3.92,4.38,3.67,3.59,1.33,3.69,1.49,9.22,4.24,6.28,0.95,4.01,4.66,9.55,4.96,3.2,4.87,5.51,9.83,5.51,8.02,2.9,8.59,8.72,9.68
LC_Sample111,1.23,3.66,1.61,8.95,9.29,4.2,0.87,3.12,9.72,8.51,1.97,3.84,6.55,0.25,8.78,8.42,4.04,1.84,8.27,8.26,3.07,9.52,3.9,6.52,0.52,6.82,5.57,1.62,4.9,6.66,3.57,0.66,7.45,2.62,6.44,3.62,0.14,5.57,2.34,3.96,5.1,6.83,9.94,5.36,5.87,0.74,8.16,8.52,5.9,9.48,1.91,5.0,7.61,5.23,8.09,4.47,7.78,2.77,3.13,8.28,2.37,6.65,3.37,3.57,2.27,3.09,0.71,2.2,9.89,9.97,7.4,0.81,0.47,5.11,6.1,6.98,8.31,4.03,0.56,6.88,9.9,8.67,3.82,5.77,8.31,4.14,4.24,1.96,5.95,4.59,3.61,7.64,0.19,0.3,3.78,3.95,5.39,1.12,3.72,5.09
LC_Sample231,5.84,3.09,1.1,1.35,2.31,5.79,1.77,5.19,3.12,9.05,4.64,7.43,0.71,8.33,8.61,4.93,0.6,4.42,7.13,0.22,3.06,2.24,3.86,1.83,0.01,9.62,3.91,9.73,0.46,1.8,5.42,4.15,0.19,8.52,1.0,3.95,3.99,3.47,3.9,1.64,0.47,9.31,1.42,8.6,2.25,7.9,0.5,3.33,0.19,9.95,0.26,8.83,1.67,8.61,4.26,1.9,7.2,9.42,4.18,5.96,7.78,7.6,1.68,6.28,2.71,4.83,2.13,6.35,3.06,5.88,4.75,9.49,2.12,5.3,6.09,7.26,4.61,8.74,0.2,4.75,2.92,2.92,6.72,9.06,2.86,9.8,7.88,8.49,7.62,4.05,9.6,0.58,2.31,5.7,5.29,8.5,2.97,8.7,9.0,6.01
LC_Sample59,4.21,8.17,6.52,3.68,8.95,9.09,7.43,6.51,4.52,2.54,3.58,3.78,6.57,2.81,0.39,1.41,8.66,9.16,2.69,3.94,7.58,2.19,7.2,8.02,2.49,0.2,1.25,5.92,2.75,5.49,6.81,2.97,7.11,8.39,0.31,9.42,8.96,9.13,6.91,9.35,7.48,4.62,5.21,1.8,7.55,1.92,1.64,5.8,8.31,1.09,9.44,9.43,6.22,1.54,8.19,0.14,3.15,5.4,8.83,5.95,5.98,0.81,6.52,0.45,7.72,7.79,4.79,9.57,6.42,8.37,1.59,3.45,6.85,2.85,6.26,5.68,2.45,4.82,8.1,8.64,9.54,2.08,3.82,6.3,7.49,9.49,3.5,5.37,7.84,3.95,0.76,8.57,3.4,0.84,9.84,5.78,8.94,1.22,7.32,2.93
LC_Sample300,1.23,6.39,6.69,9.48,2.34,6.98,0.04,9.85,0.47,2.64,9.47,2.03,3.53,6.19,6.32,1.36,0.27,9.65,3.98,9.37,9.22,6.72,5.76,3.74,7.05,3.38,5.84,5.84,9.47,8.37,5.94,3.01,5.51,1.0,2.74,3.93,3.99,1.5,8.91,4.86,1.57,8.79,8.84,1.62,8.35,9.12,2.74,1.97,4.02,0.98,2.42,0.11,4.77,5.33,3.16,2.35,5.99,6.65,0.67,0.83,2.57,4.17,1.05,3.4,6.31,6.25,6.61,5.48,6.67,1.75,5.19,4.32,8.78,5.79,9.14,3.76,4.1,0.88,1.46,7.59,4.16,4.69,3.41,9.93,7.73,4.86,5.35,1.7,9.06,8.74,5.39,3.36,0.88,0.2,6.3,7.43,0.77,3.92,0.4,6.69
LC_Sample26,3.02,8.13,8.01,6.25,2.15,3.48,5.43,2.32,1.51,0.42,7.04,8.36,2.75,8.41,5.31,9.45,7.0,7.46,2.09,8.88,2.8,1.36,7.0,7.66,0.67,2.86,7.67,1.07,9.82,7.78,8.05,5.08,3.47,5.77,6.56,2.64,5.12,0.17,9.0,0.31,0.95,3.06,7.31,8.34,7.82,2.62,3.61,6.99,7.2,2.82,8.62,8.74,2.65,7.09,4.67,5.47,6.45,8.09,9.96,7.61,7.51,0.23,0.24,2.09,9.89,9.63,1.91,5.16,5.36,9.62,9.41,1.07,6.29,2.28,2.37,8.28,8.1,8.34,3.86,3.78,8.07,1.08,9.2,2.07,6.17,4.7,3.98,9.75,8.59,7.35,8.51,8.99,5.34,8.71,2.29,1.42,4.18,8.56,0.9,9.48
LC_Sample102,3.48,0.75,1.02,2.7,5.87,2.4,0.91,8.63,3.7,4.87,1.57,7.93,5.02,0.68,7.92,2.09,4.04,3.84,7.65,8.44,6.26,2.87,1.21,2.65,8.44,1.62,7.85,5.73,3.6,6.93,3.71,0.17,2.66,3.3,8.03,3.42,4.93,3.35,7.19,3.98,5.34,3.02,0.44,5.86,1.25,7.23,2.19,3.71,7.9,0.21,7.85,3.23,9.13,7.54,8.03,1.08,0.55,2.3,5.04,1.16,4.52,6.14,1.98,4.56,5.66,6.47,3.77,6.81,8.68,4.49,9.54,3.89,9.26,3.55,7.94,2.43,6.71,5.66,2.2,9.03,5.62,7.78,7.14,8.88,0.09,8.22,0.91,5.12,7.16,7.18,9.18,8.1,5.48,8.56,5.59,7.34,7.71,9.27,9.08,6.21
LC_Sample114,4.16,4.73,1.65,5.57,9.8,4.4,9.79,4.28,6.93,0.87,5.68,6.71,3.54,3.98,8.38,2.52,3.09,8.56,0.59,9.26,2.22,0.61,7.26,0.2,8.48,3.34,0.26,0.7,4.93,4.56,8.79,7.21,0.33,0.6,8.96,5.16,2.15,7.48,4.21,2.34,4.22,4.13,0.85,8.04,5.23,2.71,0.65,7.71,6.15,0.28,8.81,0.47,3.53,3.22,4.94,2.61,8.54,4.67,6.5,1.72,3.98,8.01,3.33,7.1,3.72,9.4,6.64,5.93,9.98,1.22,9.74,9.97,2.22,3.31,4.48,2.66,1.48,0.45,3.13,0.97,2.04,0.78,5.15,0.19,5.36,5.32,9.32,0.43,0.56,9.7,4.57,0.46,9.22,5.87,3.81,6.02,8.44,0.6,9.49,9.3
LC_Sample425,3.79,3.85,7.21,3.37,8.89,5.76,6.01,5.19,4.64,0.23,2.67,8.67,3.52,4.17,2.59,7.63,9.44,1.18,2.15,9.76,8.29,2.99,5.17,5.91,5.83,6.84,8.85,7.87,5.5,2.52,5.35,8.15,0.45,0.19,7.45,6.06,5.63,0.18,7.03,9.1,2.72,6.93,0.18,6.19,7.05,2.79,0.66,8.97,5.91,5.18,2.38,2.34,2.06,1.92,4.92,9.4,3.53,6.7,4.11,0.87,7.44,2.46,8.76,7.75,3.66,7.18,3.28,7.1,1.44,8.74,7.35,2.55,9.65,4.65,8.69,7.6,0.86,8.41,2.58,9.37,0.74,1.7,2.84,5.96,9.84,9.93,9.59,7.04,3.6,0.89,9.95,0.54,6.22,9.06,6.53,5.33,5.36,1.98,0.01,9.35
LC_Sample11,6.81,2.24,3.53,5.14,0.83,1.88,2.28,0.72,3.2,2.04,3.62,4.9,3.84,6.57,0.32,0.5,0.77,9.79,0.26,5.26,4.83,1.29,6.08,8.08,8.46,3.48,4.44,5.7,0.13,2.17,8.61,8.27,8.5,0.45,7.3,8.53,1.8,6.05,8.71,5.65,1.87,0.17,2.1,0.61,5.66,4.48,9.1,3.93,9.7,8.11,5.0,1.56,2.27,0.12,2.69,2.1,9.43,7.54,0.21,0.56,3.41,7.71,9.88,3.71,2.41,1.16,3.19,2.3,0.44,3.58,3.62,7.69,3.22,7.84,2.13,1.43,1.37,4.5,3.98,4.42,2.4,2.55,7.73,9.86,8.81,3.68,5.76,5.87,5.25,6.96,3.67,4.75,7.21,5.39,0.59,2.21,7.67,3.77,8.78,1.9
LC_Sample455,4.01,1.81,5.38,4.84,7.28,0.52,8.36,1.4,0.46,9.96,2.08,0.3,0.1,4.68,6.04,8.75,3.02,5.25,7.44,2.21,8.3,9.64,6.44,4.66,7.7,9.95,5.5,4.82,6.32,2.81,7.77,6.9,0.11,7.82,9.38,3.96,0.12,2.96,6.92,1.86,6.26,0.47,3.0,8.22,5.39,0.06,2.39,2.91,5.13,1.16,8.48,8.58,7.76,3.81,8.43,6.95,4.43,5.67,6.46,1.15,1.04,3.47,0.77,0.72,4.18,1.75,9.58,1.84,1.9,5.92,7.35,9.11,6.07,5.74,9.25,7.77,5.13,6.63,5.45,5.33,5.07,1.66,2.04,1.14,4.48,5.58,0.64,4.38,7.6,7.93,8.74,6.08,3.44,6.1,9.43,1.29,0.43,7.5,4.24,4.9
LC_Sample472,5.4,5.09,3.0,9.4,1.08,9.52,0.66,9.92,8.13,1.6,4.27,5.58,1.06,7.22,0.52,6.42,6.3,5.66,8.54,4.65,5.84,8.43,0.81,7.49,2.07,4.0,0.56,4.72,9.0,2.57,4.71,2.23,4.72,0.08,5.3,7.62,7.77,1.53,1.93,5.0,8.24,1.82,7.73,3.25,4.3,9.02,2.51,3.35,7.05,0.59,1.55,5.26,6.12,5.57,7.2,1.75,4.08,6.76,3.25,9.01,6.1,3.76,7.06,7.19,7.35,9.77,1.06,6.12,9.98,3.05,2.79,1.61,1.96,1.18,6.14,6.3,1.26,1.74,0.3,1.66,0.62,5.31,5.46,3.96,1.54,4.53,7.52,0.5,3.78,5.42,1.56,6.58,0.99,1.17,3.98,8.91,4.06,6.21,9.17,4.4
LC_Sample307,1.17,3.85,6.44,5.12,8.36,0.57,6.69,8.5,2.15,3.0,6.26,2.51,1.98,7.03,8.8,8.72,2.05,4.07,4.64,7.55,5.8,6.33,8.3,6.06,3.09,5.37,8.83,5.41,2.32,0.98,5.4,4.04,3.33,3.63,3.14,3.79,2.16,7.15,8.01,6.3,6.12,7.72,5.79,3.57,4.31,5.37,8.32,3.06,2.27,7.14,3.4,4.6,1.2,4.19,6.81,4.14,4.3,0.91,9.24,0.22,3.34,8.75,2.1,5.35,2.14,3.99,3.22,3.75,0.16,3.77,8.56,1.36,3.54,8.3,2.16,8.7,2.45,8.7,2.07,7.06,3.01,7.24,3.76,9.7,4.48,1.38,3.76,7.51,7.59,0.57,6.79,1.25,9.47,3.03,4.8,2.08,0.16,3.88,3.35,7.03
LC_Sample479,4.51,0.08,3.08,0.08,4.37,6.93,7.66,0.46,3.5,5.24,8.37,4.31,9.15,0.01,7.44,7.73,0.13,6.64,4.68,4.9,3.89,2.91,3.5,7.47,3.98,8.31,6.42,8.27,0.94,7.18,4.99,9.34,7.81,6.82,8.85,8.99,2.97,2.52,3.77,3.1,8.64,2.77,1.84,6.35,4.94,2.68,8.33,0.81,1.37,1.0,9.58,6.42,3.84,0.57,8.83,9.53,8.81,1.22,7.15,5.17,6.37,4.02,9.94,7.9,5.51,9.25,4.54,7.74,1.43,2.59,9.49,6.02,8.22,7.87,0.03,0.01,9.21,6.01,1.04,8.25,0.5,1.69,5.6,8.63,3.6,5.27,8.33,8.08,7.18,0.14,8.33,0.33,9.34,0.02,4.52,2.63,5.77,0.18,9.46,4.36
LC_Sample28,3.0,4.0,3.94,2.25,2.78,9.03,6.72,2.55,2.68,0.91,7.37,8.59,2.37,7.92,5.92,0.11,4.99,1.7,0.45,8.23,9.64,8.68,6.44,7.69,7.49,1.0,5.29,7.92,4.36,0.27,3.01,1.54,6.38,2.64,1.31,2.94,4.15,8.51,9.33,8.88,1.62,7.32,2.99,2.54,1.52,6.01,5.68,1.7,1.25,0.56,3.16,6.42,9.67,9.89,1.62,3.96,9.56,4.33,1.55,1.96,5.97,6.21,6.47,8.16,0.11,9.53,6.41,5.89,7.58,3.32,5.5,3.83,6.39,5.31,3.22,8.43,6.01,9.85,9.77,3.37,3.39,7.94,5.6,9.1,5.84,0.32,0.31,9.59,2.98,0.19,6.48,8.91,9.35,2.82,0.38,6.03,1.55,8.66,3.17,1.82
LC_Sample213,6.06,8.57,0.2,2.95,9.13,0.52,4.69,3.96,0.9,2.2,6.76,1.31,5.2,6.32,8.05,8.62,2.38,7.94,9.12,0.83,1.18,4.74,9.28,1.75,5.41,1.25,6.84,3.9,7.79,2.62,0.2,8.89,5.66,5.79,4.89,1.84,8.8,0.48,8.7,6.48,7.39,8.54,0.72,9.32,1.55,9.44,9.31,8.49,2.47,6.92,0.67,3.18,9.08,2.91,5.44,6.1,8.83,5.53,9.72,7.94,4.7,6.75,4.82,4.26,0.88,1.67,9.13,6.75,4.6,0.51,4.93,1.11,0.14,0.63,7.45,4.75,4.98,4.89,5.31,8.2,5.74,3.86,1.22,0.78,8.03,4.72,0.59,3.12,5.26,5.33,4.63,3.55,3.62,8.52,0.66,5.34,3.36,5.78,2.24,1.67
LC_Sample112,0.77,4.29,0.04,2.32,6.7,6.68,0.94,3.76,1.72,6.04,4.18,9.44,3.13,9.46,2.53,4.01,2.91,0.83,6.21,8.85,1.37,4.88,7.95,5.89,1.53,4.73,6.81,9.13,6.02,7.92,0.75,5.19,0.52,7.83,5.62,3.8,6.39,4.7,5.68,2.06,2.24,1.43,6.55,4.24,6.45,5.08,8.53,4.26,3.39,3.45,2.67,1.48,8.93,2.63,3.03,1.99,2.23,5.75,7.84,1.05,5.11,2.6,4.57,2.94,4.37,9.55,7.49,9.09,5.99,5.75,3.64,3.51,4.85,7.28,8.51,4.62,9.17,9.77,2.85,9.86,4.9,9.63,3.54,0.13,5.26,3.76,3.6,7.68,5.35,6.05,0.33,6.21,7.67,3.54,5.77,2.16,1.41,9.02,1.97,4.67
LC_Sample78,2.46,8.57,4.14,1.5,5.18,6.77,9.26,6.31,6.42,0.88,1.68,5.28,9.2,7.27,5.59,1.36,1.77,4.12,9.32,5.71,3.06,5.02,7.35,8.55,7.74,9.35,6.18,1.85,5.21,7.93,9.99,9.01,2.39,1.14,8.69,2.18,0.29,2.07,5.47,6.06,6.0,4.46,9.21,2.29,6.87,5.12,8.14,0.59,2.82,6.73,1.55,0.72,1.7,9.02,7.08,9.12,4.62,3.02,9.12,3.93,7.72,0.41,1.58,5.14,7.4,9.57,5.41,0.16,0.0,4.27,5.57,1.43,5.78,9.68,0.47,0.84,9.5,8.16,2.45,2.07,4.78,8.22,9.15,1.41,6.31,5.39,3.13,2.86,9.69,7.01,2.7,1.17,7.56,7.57,0.27,1.12,5.46,0.67,0.09,4.55
LC_Sample255,5.61,6.49,7.07,9.65,8.88,7.08,8.82,3.83,2.4,7.8,6.08,9.41,5.0,1.73,7.74,7.38,1.45,5.37,3.5,4.42,2.99,7.75,5.39,3.99,4.87,3.97,3.41,7.71,7.44,1.92,2.16,5.94,4.95,8.59,0.77,0.4,5.15,5.94,7.97,9.05,7.57,1.3,9.99,3.05,5.01,2.87,6.18,3.75,2.16,4.03,0.12,2.63,3.69,5.83,0.79,7.56,8.65,3.79,7.43,2.9,9.79,4.54,0.23,7.01,7.75,7.34,0.78,6.74,2.98,6.26,3.97,3.13,1.75,4.07,3.22,3.44,1.34,0.33,2.25,7.53,1.35,0.21,5.71,5.43,1.66,8.93,3.38,3.39,5.01,9.91,9.83,6.64,5.27,5.98,4.93,4.53,5.52,8.66,4.04,1.86
LC_Sample295,2.68,1.47,3.56,2.84,3.36,3.31,1.2,2.26,1.3,8.47,9.48,8.72,6.1,8.65,2.86,7.23,1.08,5.57,0.12,8.8,3.66,5.68,5.07,2.06,0.47,3.03,2.3,1.0,8.57,8.1,6.4,6.46,2.8,7.2,7.6,3.37,6.17,7.67,3.56,8.35,7.29,8.37,8.96,1.65,2.8,2.81,1.54,1.5,7.25,9.22,4.61,2.39,0.26,2.7,5.89,2.17,4.63,5.36,1.05,9.73,4.24,5.74,5.87,0.93,1.07,9.27,9.13,4.17,1.62,7.06,9.45,6.74,2.38,2.74,2.86,1.23,6.7,3.07,0.92,8.24,2.72,4.46,3.84,0.92,2.22,2.92,6.65,4.9,3.98,0.63,7.82,3.88,4.01,8.56,2.2,7.06,2.14,1.19,0.45,2.03
LC_Sample50,5.2,8.59,0.24,1.12,6.55,9.07,8.96,8.94,9.72,7.04,4.57,5.18,4.68,5.72,3.8,6.01,4.85,9.76,8.87,3.17,3.07,1.82,6.52,3.18,5.74,1.22,6.93,5.96,6.38,2.37,6.3,7.13,2.83,7.96,0.23,2.14,7.87,2.65,0.32,8.63,2.13,4.35,1.98,0.96,2.95,3.15,3.64,0.4,9.3,4.84,3.42,1.29,3.45,5.94,2.3,8.91,7.88,1.35,0.74,5.05,4.73,9.91,9.24,1.46,4.2,9.69,0.15,8.89,1.39,2.57,6.55,1.34,1.27,7.72,1.01,3.05,3.79,3.84,5.66,3.03,5.91,4.07,3.51,7.38,3.96,7.78,1.76,6.06,6.68,0.83,9.08,4.82,6.58,4.18,0.66,3.64,0.49,5.06,3.06,0.2
LC_Sample360,3.19,7.67,8.53,9.71,2.85,5.5,5.27,0.51,4.28,4.11,7.34,0.59,7.5,1.99,2.68,6.93,4.97,5.72,4.92,0.76,0.91,5.22,2.44,7.95,7.1,7.41,6.06,8.13,8.79,4.57,7.47,0.1,0.27,7.24,7.61,0.66,3.35,0.3,6.95,4.04,6.44,3.5,8.59,9.09,2.93,7.92,5.09,3.67,3.55,0.54,8.47,9.67,0.36,1.52,7.85,6.48,2.06,1.78,4.26,1.52,0.78,7.01,0.16,0.97,7.27,5.27,9.32,1.67,3.92,8.08,4.59,7.33,4.58,3.87,4.79,6.94,6.98,8.72,4.07,8.57,3.28,4.23,5.26,5.58,2.57,8.55,1.56,4.04,9.81,9.78,6.05,4.19,5.83,8.92,0.1,9.93,7.66,8.09,8.57,9.65
LC_Sample370,9.94,7.61,6.24,0.02,1.31,1.04,8.45,8.62,1.0,8.33,8.28,8.31,5.84,1.21,9.62,2.07,7.94,6.06,1.31,4.95,2.8,9.87,3.13,4.48,1.5,0.7,7.91,9.15,6.19,2.05,4.21,9.02,6.0,8.22,9.49,5.56,9.01,3.78,1.32,8.51,7.59,8.21,4.99,5.92,4.02,5.4,6.92,4.81,6.62,1.0,5.91,7.67,1.34,3.6,8.25,5.79,3.76,3.51,9.15,1.04,0.83,8.98,2.42,6.12,4.52,7.56,3.2,1.97,7.07,1.65,4.59,2.49,2.0,6.3,2.34,4.9,6.86,4.13,4.21,2.09,3.57,3.99,8.1,5.27,1.4,7.46,1.33,4.73,4.54,2.74,4.91,1.78,8.93,5.43,6.43,1.96,9.71,6.16,1.04,0.82
LC_Sample126,2.59,9.93,3.05,1.17,6.7,9.04,5.93,7.61,5.44,6.8,7.04,8.84,9.13,0.35,6.55,2.57,4.5,5.3,0.61,8.27,7.63,0.88,2.15,2.92,8.31,2.07,9.39,9.62,9.79,6.65,0.88,1.23,4.81,6.27,0.7,0.38,3.27,1.47,8.91,7.8,2.57,9.02,5.08,5.81,7.04,6.67,9.38,0.57,7.83,1.12,0.5,5.54,3.95,8.0,5.13,1.81,2.7,7.05,7.37,0.05,1.55,6.86,6.81,6.53,2.13,8.66,9.61,2.64,3.8,8.37,9.52,9.86,3.31,3.63,4.09,6.31,0.7,2.04,3.57,1.58,5.96,5.52,7.35,1.31,7.46,5.54,9.76,9.57,3.68,4.7,5.97,4.33,0.83,5.1,0.44,0.82,8.61,1.01,7.6,0.1
LC_Sample135,2.99,8.04,8.19,4.09,2.51,5.26,8.46,0.43,0.25,1.42,9.28,5.56,5.89,7.75,8.53,3.97,6.29,0.14,3.13,2.05,9.94,1.08,3.29,6.88,8.87,5.4,3.66,4.95,3.35,7.14,4.55,2.83,0.11,9.47,9.0,4.55,3.91,7.34,5.67,2.3,8.18,5.94,6.77,1.52,7.85,3.47,6.68,5.45,8.69,6.49,6.75,4.64,6.7,7.76,5.09,5.6,3.19,6.21,4.96,0.47,5.54,7.84,0.67,4.96,1.13,0.79,5.13,9.09,5.95,5.14,2.76,3.94,8.34,6.82,5.61,4.97,3.81,0.81,1.9,3.85,4.04,7.33,7.67,3.44,3.64,6.64,1.28,6.08,1.73,0.04,8.28,4.64,3.34,5.94,0.62,9.45,0.37,6.77,7.48,4.2
LC_Sample232,8.83,0.73,0.07,3.95,4.45,8.48,7.56,7.28,0.8,4.5,4.62,7.9,6.79,0.79,3.46,2.93,6.91,5.08,2.62,8.85,0.62,7.14,5.81,8.76,7.36,2.15,0.81,7.36,5.1,8.08,7.62,1.33,8.86,2.03,8.45,0.7,3.06,5.58,1.01,0.15,6.95,5.96,6.2,8.88,7.99,6.15,3.43,2.08,3.11,4.24,5.7,8.85,6.32,1.01,0.84,7.21,1.04,1.88,0.01,2.73,0.95,0.75,5.28,6.07,0.05,0.01,7.94,2.47,8.33,9.85,5.24,4.14,1.81,0.35,6.86,6.05,2.97,3.71,6.89,2.73,0.37,9.08,4.55,0.02,8.83,8.35,0.89,6.16,0.74,3.91,5.68,4.26,3.17,8.35,9.09,3.15,1.55,5.25,1.9,3.82
LC_Sample347,0.11,8.56,4.66,7.65,9.34,9.95,6.85,7.19,5.26,4.25,9.85,5.35,1.59,8.83,5.47,0.44,4.39,6.86,6.09,1.37,1.6,0.71,6.49,3.61,0.33,1.26,4.98,9.55,7.17,9.03,0.15,6.98,1.39,6.23,2.4,6.06,9.89,6.8,2.64,6.51,3.4,6.15,3.77,8.71,1.69,5.19,7.52,3.42,1.06,2.71,2.27,9.81,1.99,7.14,8.5,7.06,3.44,7.16,5.74,3.51,5.75,4.12,4.73,9.75,8.16,3.27,8.79,3.93,1.93,6.31,8.01,4.05,1.06,3.56,2.49,9.77,6.5,6.86,9.61,6.88,1.34,3.25,4.72,3.93,8.35,8.82,8.92,2.13,9.16,1.61,7.74,0.82,2.44,1.53,1.76,8.51,3.08,4.33,0.77,6.95
LC_Sample467,4.31,4.54,1.14,2.93,4.07,8.41,4.87,9.59,1.02,4.24,2.54,9.76,7.88,4.36,5.12,5.68,8.89,9.74,5.83,0.25,5.95,8.53,0.32,7.75,8.75,5.54,7.95,2.73,1.65,8.6,3.54,0.0,3.83,1.82,3.27,8.38,1.8,5.36,7.81,7.31,1.89,0.81,8.02,10.0,4.45,6.4,6.4,8.45,2.56,0.72,5.6,4.2,3.27,5.88,4.44,3.91,5.05,8.48,9.11,7.68,9.22,9.06,3.76,2.25,4.75,5.41,2.19,8.86,4.39,3.06,4.63,4.19,3.02,7.16,3.95,9.02,2.41,8.47,3.79,6.34,0.87,6.03,5.5,7.67,8.87,3.03,4.38,9.92,7.8,7.8,6.4,9.67,0.51,1.23,5.27,5.33,8.65,2.12,5.63,2.17
LC_Sample30,7.0,6.92,4.27,6.39,8.05,7.85,2.04,4.46,5.59,5.8,3.26,4.91,4.4,1.77,9.7,5.79,9.8,0.94,6.17,2.0,1.22,5.22,2.22,9.73,8.24,7.85,0.09,3.63,0.03,0.5,5.24,9.9,3.89,9.67,1.49,2.21,3.67,4.0,8.65,0.04,9.83,0.54,9.05,2.0,6.46,8.15,0.67,7.48,6.67,2.25,8.91,1.58,9.88,7.81,6.49,5.54,8.81,3.47,8.35,8.81,5.84,3.14,7.6,1.96,1.35,7.45,9.58,8.61,1.98,4.31,1.04,1.41,9.97,4.2,8.62,1.96,5.74,0.63,8.04,9.9,8.09,5.59,3.03,8.23,1.01,9.45,4.47,7.17,3.62,2.38,5.79,6.28,1.48,3.69,2.07,6.0,5.22,1.64,7.69,2.86
LC_Sample283,4.07,0.37,3.3,1.88,1.07,4.27,8.4,6.35,7.21,1.46,2.01,8.69,5.5,0.52,8.41,8.02,7.81,7.31,1.85,4.91,1.48,7.43,3.83,6.21,1.09,4.36,5.36,9.32,8.14,0.54,5.0,6.34,6.35,4.91,6.55,5.09,7.82,8.73,9.22,3.75,5.86,8.17,3.67,5.15,1.86,1.46,0.34,6.3,2.45,6.81,5.96,5.32,3.25,1.38,5.06,2.97,5.05,7.29,7.44,4.58,6.57,4.25,7.63,0.42,1.06,2.78,6.44,5.3,3.87,9.64,2.46,5.98,1.32,3.99,9.86,0.55,2.55,5.71,8.56,3.84,3.46,0.4,4.32,1.96,5.15,6.98,2.66,2.08,5.4,9.39,8.41,0.36,5.07,8.95,2.67,9.58,5.81,6.57,9.24,1.62
LC_Sample124,6.3,3.43,6.08,4.6,2.69,0.92,7.58,4.5,5.7,9.88,6.51,1.46,2.72,8.58,0.27,7.43,5.17,2.24,9.29,2.14,9.8,4.76,8.01,8.99,2.24,2.75,7.14,1.68,0.2,6.58,0.91,1.91,8.41,9.86,3.4,4.79,7.16,5.19,9.98,3.21,5.88,8.34,0.15,5.12,0.53,7.3,4.72,6.38,7.98,6.51,5.4,4.97,3.89,8.76,0.05,8.34,7.62,0.14,7.48,5.99,3.86,2.5,5.95,4.11,3.21,4.78,0.95,5.36,1.67,2.39,0.14,0.34,0.73,8.15,4.47,7.41,6.42,9.9,4.3,4.74,6.11,2.54,3.09,2.77,7.92,0.88,9.35,7.15,1.69,5.18,9.77,9.5,7.61,4.49,4.82,1.99,4.51,8.92,4.82,9.81
LC_Sample93,5.96,6.23,6.38,0.01,3.63,7.52,5.53,2.36,8.78,7.75,8.98,1.59,1.16,2.61,6.98,9.25,1.35,7.46,7.25,3.42,4.37,7.98,3.71,8.25,1.49,2.92,3.08,5.23,8.66,2.91,7.83,5.37,1.19,3.57,1.58,5.29,3.37,3.2,9.33,3.47,8.77,3.34,8.2,1.39,0.07,4.32,2.19,3.94,4.87,6.22,9.29,2.6,3.27,3.0,0.34,3.89,4.85,6.48,3.37,7.03,7.35,6.3,0.97,1.81,1.36,1.2,3.06,7.03,2.4,0.84,0.22,9.92,5.78,4.68,0.81,5.62,3.97,3.75,4.5,0.79,3.12,7.88,1.44,0.23,3.18,5.61,5.44,3.4,5.86,0.77,3.68,2.15,1.14,8.76,3.17,3.75,4.82,7.58,7.93,3.42
LC_Sample372,9.45,7.31,0.63,7.0,6.95,6.06,7.03,8.67,0.34,8.3,8.81,8.4,2.37,8.78,3.44,8.86,8.26,8.74,3.85,9.68,7.02,8.38,6.9,5.6,3.59,9.58,8.13,9.31,6.09,6.98,8.03,2.82,5.22,3.79,0.85,0.12,1.04,0.25,3.44,4.76,9.76,9.68,0.29,2.49,5.98,1.49,3.68,2.59,4.28,6.04,4.04,1.77,4.3,7.83,9.53,7.93,7.57,5.91,4.11,6.73,7.69,3.76,1.99,3.19,8.62,8.69,5.93,3.92,8.86,4.27,6.29,2.15,4.99,8.38,5.6,9.27,1.0,3.68,5.3,9.3,7.22,2.71,7.0,2.57,0.78,3.7,2.38,1.85,9.12,2.92,6.19,6.28,0.58,4.65,4.23,9.43,9.82,9.18,6.35,4.13
LC_Sample179,4.84,3.46,5.26,4.88,0.15,0.64,4.58,2.31,8.72,9.23,0.34,0.74,4.5,3.97,6.28,7.61,9.3,6.5,2.7,0.97,0.28,0.6,1.34,0.02,7.62,3.02,2.4,0.78,8.83,3.15,0.59,3.39,8.35,1.81,5.21,5.92,9.99,4.49,4.27,0.29,2.13,6.37,0.17,6.97,2.38,10.0,2.53,2.72,1.61,7.22,8.46,6.64,5.02,1.75,4.19,6.75,4.59,1.37,1.0,3.79,5.83,2.0,4.97,6.32,3.98,1.17,7.89,9.47,6.52,3.26,7.91,8.74,1.44,6.35,8.17,2.81,6.25,5.94,0.75,2.97,5.86,8.97,1.04,7.04,9.72,3.22,4.94,5.36,5.94,0.09,7.39,8.07,5.57,1.29,9.06,3.05,8.32,7.61,0.74,7.09
LC_Sample138,6.73,7.4,8.02,4.91,7.35,6.15,0.67,9.49,9.86,4.23,2.57,9.9,8.49,6.7,4.38,8.29,0.54,5.23,1.47,3.43,8.1,0.99,6.77,1.8,3.3,2.27,5.67,6.27,7.15,3.95,6.4,7.03,6.46,7.22,4.05,8.77,1.83,1.98,0.29,9.52,0.98,8.56,5.21,9.12,8.64,1.6,1.06,5.86,5.17,5.72,9.93,8.22,5.63,2.54,7.16,6.37,0.28,7.4,4.62,9.24,7.16,2.22,0.27,8.42,1.2,7.62,3.48,6.57,8.58,1.19,9.59,3.2,3.17,4.92,8.39,3.23,0.51,3.98,8.84,3.66,8.72,5.47,2.29,0.46,8.02,9.88,6.44,6.84,1.5,4.65,0.18,4.45,3.64,3.65,8.67,2.96,4.24,8.03,1.93,4.61
LC_Sample203,6.76,7.09,7.65,4.1,7.85,5.67,9.87,2.21,6.6,4.27,6.49,7.7,1.33,7.49,8.26,4.1,0.04,4.91,3.36,8.11,4.36,1.47,8.01,3.11,0.91,7.24,1.33,1.21,2.72,0.68,5.15,3.06,6.95,2.24,2.32,9.11,1.03,6.9,7.66,1.43,9.3,4.46,2.2,2.49,9.79,6.71,7.16,5.72,5.04,9.19,7.29,1.97,9.75,1.52,7.71,7.98,6.85,8.54,0.32,2.64,0.66,1.96,9.95,9.19,9.21,6.89,9.31,7.08,0.84,3.98,2.64,0.44,3.23,7.9,1.97,3.81,8.8,3.17,8.06,3.66,5.31,7.02,4.05,2.36,3.17,3.74,0.4,7.96,4.6,1.63,0.07,2.66,6.81,4.91,6.09,4.35,1.29,6.0,3.09,0.11
LC_Sample315,2.68,1.14,4.62,0.11,5.29,8.06,0.4,7.98,7.63,4.09,4.85,5.45,3.62,5.96,7.6,0.74,5.94,4.88,2.64,2.47,4.85,0.96,0.78,4.22,6.68,5.63,5.59,9.82,8.78,9.33,3.66,6.05,3.09,8.54,2.06,8.87,6.62,0.86,4.16,3.11,3.22,1.64,1.99,4.97,3.48,9.05,7.25,9.35,0.25,3.22,6.74,5.25,7.83,8.07,8.22,7.27,8.57,0.96,2.64,0.39,6.84,6.83,0.67,4.15,0.28,5.18,5.29,9.29,6.35,6.28,5.36,6.29,7.2,9.2,9.31,1.46,9.41,1.85,3.8,4.81,6.36,3.93,3.03,6.17,1.03,6.3,8.99,8.84,7.32,2.26,3.2,7.54,5.35,7.19,1.24,6.53,6.04,6.01,6.8,3.96
LC_Sample404,8.94,3.23,5.27,9.35,7.66,6.76,5.87,2.64,2.87,8.61,1.47,0.04,0.97,9.32,3.15,1.87,1.77,0.19,4.61,4.02,0.34,2.34,4.79,8.64,2.35,9.88,6.77,7.03,6.76,2.23,8.7,8.04,1.22,5.5,4.75,1.58,9.97,6.09,5.99,6.4,3.77,9.91,3.55,7.08,9.22,4.11,4.82,7.87,4.1,9.27,2.34,6.69,3.34,3.13,6.97,3.23,6.92,2.46,2.56,4.79,8.43,1.38,9.88,6.15,1.23,3.21,0.47,2.45,1.29,1.84,1.58,3.22,1.66,0.3,0.16,1.46,5.72,0.93,9.7,6.79,9.79,2.1,1.42,2.51,6.6,6.97,4.26,3.9,7.59,7.59,7.04,1.48,9.29,4.91,7.8,3.73,6.69,3.07,2.27,7.89
LC_Sample289,6.4,7.84,0.59,0.24,7.45,6.36,9.77,9.68,4.65,2.18,1.08,9.23,7.78,3.59,6.14,2.62,1.34,3.72,7.07,7.96,9.15,2.44,1.38,7.19,1.29,9.05,5.94,5.48,4.28,6.61,8.71,3.03,6.38,6.94,3.72,6.06,6.12,5.55,1.54,3.88,0.78,4.88,9.15,1.35,9.34,1.87,2.53,2.82,5.38,0.34,5.05,1.58,9.47,4.37,3.34,5.8,0.31,1.17,1.88,8.5,3.4,4.37,0.97,7.88,6.48,7.58,2.95,1.84,0.63,9.3,4.91,3.7,6.03,2.8,5.65,5.22,7.05,3.86,6.07,9.57,6.57,3.27,2.5,6.99,5.71,7.46,8.36,7.21,8.98,4.16,6.55,5.02,0.76,5.05,1.34,0.61,6.7,9.21,7.73,1.36
LC_Sample327,1.78,2.3,3.5,6.75,4.9,3.03,3.42,0.43,1.35,6.41,1.84,0.38,9.43,3.33,8.5,1.95,4.24,4.71,1.02,7.19,6.57,0.87,3.88,8.82,6.04,3.16,4.23,8.99,5.65,6.2,7.29,3.28,7.84,4.31,6.66,3.68,4.65,3.51,1.77,2.46,6.67,2.22,2.76,6.81,2.06,2.24,8.69,7.98,3.68,0.96,4.02,0.57,3.74,0.58,2.17,8.96,8.88,2.98,5.41,3.17,6.17,4.06,1.46,4.45,6.01,3.47,8.2,9.2,9.63,5.71,1.85,4.08,6.15,6.98,3.84,9.0,4.93,4.31,5.33,5.87,3.19,0.52,3.25,4.96,4.5,3.25,6.18,1.51,3.65,9.52,8.91,3.94,2.96,4.33,3.76,8.83,7.01,1.45,1.33,8.2
LC_Sample296,7.27,3.93,9.81,8.72,5.06,5.35,4.73,1.75,3.47,5.5,5.49,3.17,7.44,0.38,9.29,1.42,2.34,9.42,4.56,1.56,2.21,3.52,8.3,2.53,0.67,0.27,0.1,9.57,8.12,8.96,9.14,2.62,8.81,2.05,3.95,8.0,9.71,5.73,3.22,7.99,4.17,5.12,0.03,7.56,6.47,9.89,0.67,0.46,8.7,5.27,7.71,3.94,0.97,3.51,1.59,4.98,1.56,0.2,7.56,2.67,2.22,4.19,4.85,8.2,6.23,6.14,4.55,3.82,1.23,9.16,7.41,2.99,0.87,0.94,3.74,4.07,6.46,0.94,1.96,8.31,9.27,8.19,9.17,7.15,5.27,1.56,5.47,3.16,3.85,5.78,9.82,5.78,5.25,7.95,0.7,6.73,7.07,4.06,6.16,2.86
LC_Sample486,1.28,5.75,9.36,8.07,4.53,2.42,8.16,5.85,4.56,8.6,4.2,5.69,0.08,4.09,5.25,2.96,7.77,6.48,3.43,4.48,3.97,4.35,2.36,7.21,6.34,9.1,4.36,2.17,5.14,2.09,1.78,1.95,2.6,0.47,9.18,5.91,9.45,4.89,5.91,7.86,7.78,1.71,7.6,3.49,9.27,5.6,8.9,4.69,9.08,3.86,9.9,3.9,6.09,8.78,4.11,6.1,7.89,5.3,1.94,0.75,4.65,5.52,2.96,0.59,1.68,3.16,7.3,0.66,1.46,5.59,3.74,6.34,3.78,0.08,3.71,9.74,1.72,4.98,0.05,0.56,3.84,9.92,6.79,9.69,9.79,0.52,5.66,2.98,0.96,6.38,7.72,8.22,9.46,1.54,8.84,6.5,3.4,2.59,6.88,1.69
LC_Sample230,9.2,5.76,0.3,5.62,6.37,7.74,5.21,0.49,7.86,7.48,1.31,3.46,6.95,6.43,0.32,4.7,9.74,9.34,7.23,3.35,1.98,1.78,6.49,0.01,0.55,6.55,4.76,3.25,2.86,1.68,6.93,7.7,7.02,2.73,7.9,0.05,1.22,1.81,1.79,7.2,9.95,8.88,3.89,6.8,6.47,1.76,0.55,5.64,9.67,9.13,0.52,4.08,3.34,4.61,2.74,3.53,8.91,8.55,4.72,2.26,1.41,1.99,3.87,1.0,9.5,6.81,0.14,6.43,6.25,2.15,8.67,1.79,3.58,7.22,9.74,4.41,4.42,6.21,2.68,6.89,7.26,6.01,9.53,0.08,4.14,8.94,1.8,4.36,7.25,7.96,9.77,5.26,5.07,5.3,4.95,5.64,0.79,1.42,6.15,7.5
LC_Sample92,4.78,1.39,1.77,0.75,8.34,8.58,4.96,1.39,9.57,3.49,0.42,5.27,4.82,0.88,3.87,6.97,6.16,1.5,0.25,8.41,6.07,7.29,1.54,3.23,2.29,6.18,5.17,2.53,0.44,0.74,8.53,4.0,5.14,3.89,0.45,7.71,6.22,8.76,5.0,0.84,3.59,7.66,6.72,9.11,7.25,6.27,6.14,3.62,7.27,2.02,0.21,0.68,3.48,6.35,9.94,4.45,7.53,7.97,1.29,9.85,1.57,4.13,4.02,0.58,4.27,4.71,9.59,6.18,1.91,6.95,0.54,6.18,0.16,6.67,6.41,1.02,5.81,6.92,5.87,3.98,9.17,7.21,7.63,6.54,6.37,2.51,7.07,1.56,6.13,8.33,8.92,0.63,2.12,4.81,2.12,8.29,4.8,9.76,0.72,0.4
LC_Sample470,5.42,3.6,3.65,3.01,4.72,7.49,9.56,1.41,8.88,8.4,9.09,4.5,7.36,5.24,1.89,8.15,4.52,5.19,6.51,4.27,5.19,9.99,0.79,1.93,0.34,8.06,3.52,9.12,1.46,8.31,1.17,3.62,3.6,5.44,3.62,8.74,6.07,1.9,1.26,4.49,9.32,0.84,5.13,5.28,8.81,5.98,8.38,2.99,0.4,2.8,7.41,5.71,6.26,6.09,4.7,1.99,8.15,9.92,9.51,4.18,5.51,4.33,5.96,0.79,8.74,2.15,0.87,3.16,5.4,2.26,2.87,7.88,5.5,7.0,6.07,1.99,7.26,6.66,0.13,2.29,4.6,9.67,8.63,1.76,6.46,7.45,8.49,7.67,1.69,4.98,8.66,8.87,0.65,4.46,3.28,0.75,0.91,1.18,4.99,8.99
LC_Sample448,9.44,4.91,5.82,6.33,7.13,1.49,8.5,7.57,4.15,9.66,1.91,0.6,3.08,3.11,0.91,1.93,9.79,1.62,4.66,5.07,0.32,7.17,4.28,3.73,8.74,4.76,4.54,2.02,9.84,3.28,2.12,2.65,2.52,4.5,9.49,6.9,5.32,1.02,1.2,9.01,4.5,7.16,1.86,5.44,3.75,5.46,3.96,0.96,6.67,2.55,0.25,3.04,4.26,8.63,3.68,3.06,7.27,7.21,0.93,1.84,1.36,1.48,1.51,0.82,8.51,4.09,5.0,5.9,8.82,0.53,0.59,8.96,8.25,0.09,5.31,9.28,8.56,9.01,6.73,2.31,6.29,2.66,8.09,0.43,2.52,3.32,2.06,6.06,5.06,5.44,8.11,1.06,9.7,4.84,4.85,7.39,5.59,4.39,4.58,0.52
LC_Sample260,5.91,8.23,1.37,2.72,0.92,9.97,8.52,6.59,3.88,3.77,6.61,5.25,1.11,2.14,8.3,0.23,4.59,1.15,4.59,2.35,7.87,6.9,5.79,3.47,2.27,0.79,0.2,4.07,9.79,2.08,2.71,3.55,9.02,4.48,8.04,3.27,2.36,0.22,5.85,5.08,9.09,1.23,9.91,2.91,3.63,3.44,9.99,2.18,7.51,8.8,7.65,8.4,2.39,8.4,9.78,2.51,1.57,9.14,3.92,4.41,4.03,2.77,2.2,6.32,6.11,2.0,4.98,4.75,9.46,3.74,1.96,9.07,3.0,9.98,1.47,7.93,4.25,8.57,5.39,7.33,8.85,9.24,3.64,6.04,0.51,7.91,5.39,6.15,4.11,0.65,6.85,6.37,2.24,5.61,7.22,4.57,2.35,9.36,6.55,2.41
LC_Sample272,8.31,4.05,3.58,9.2,1.9,8.99,2.91,7.42,7.61,6.7,4.5,2.2,6.45,6.51,8.79,6.18,7.56,3.93,8.85,7.29,0.84,6.27,3.41,4.4,1.69,7.03,8.82,5.43,4.88,9.4,5.21,6.28,2.29,8.59,6.84,1.45,0.61,1.26,4.39,1.59,4.04,0.26,5.31,3.37,7.5,2.92,2.99,1.06,9.83,0.45,2.39,1.36,5.33,4.22,3.08,8.37,8.7,8.37,3.92,8.02,8.19,1.53,9.47,1.12,0.34,7.96,4.31,6.51,5.23,9.5,2.18,7.14,5.1,4.54,6.15,5.81,5.24,6.66,9.51,1.4,7.94,2.03,3.16,0.5,7.85,8.83,9.76,1.32,7.83,5.69,9.25,5.5,8.43,3.31,9.41,8.78,9.51,9.53,8.47,6.82
LC_Sample120,4.88,0.21,6.92,5.37,2.17,7.35,7.28,8.61,7.15,5.94,1.06,7.55,8.19,0.08,8.42,2.33,7.83,3.79,7.15,0.37,3.81,1.41,8.55,8.55,1.96,2.45,6.25,7.02,0.84,4.86,1.82,5.36,3.51,6.39,0.41,9.02,5.07,0.01,3.25,3.37,9.33,3.62,0.25,6.86,5.62,9.26,4.69,1.77,4.87,2.26,0.63,3.43,6.74,8.01,1.83,6.76,2.41,2.84,6.89,7.26,0.24,6.82,9.8,5.46,6.82,5.97,7.0,6.56,2.91,5.31,3.37,3.47,4.54,0.95,5.79,8.51,2.45,1.02,8.26,6.68,2.14,3.24,5.25,4.01,1.9,0.73,6.86,2.18,2.11,0.97,9.76,9.59,3.71,1.72,4.23,9.78,0.81,9.95,8.2,8.97
LC_Sample428,9.31,2.85,0.03,9.88,3.84,5.98,9.49,9.74,7.81,2.07,3.32,5.17,9.39,6.75,2.1,9.71,2.15,6.96,1.94,2.79,6.4,6.61,1.63,1.13,1.98,6.16,2.24,8.09,3.25,7.33,5.05,8.87,4.17,4.41,8.63,2.89,9.2,9.9,4.38,3.08,0.09,4.49,6.77,0.47,1.14,9.4,8.72,6.76,8.56,0.83,8.42,5.51,2.11,4.43,2.7,5.31,6.55,2.94,0.32,5.93,0.95,6.86,9.79,3.19,1.76,2.82,9.23,4.17,3.39,0.4,4.02,8.54,8.34,3.82,3.08,7.69,4.15,4.78,6.64,7.66,5.58,3.78,3.14,0.59,7.3,6.61,3.32,0.57,9.13,6.14,0.16,6.54,2.93,7.34,2.0,7.06,5.03,1.87,8.05,6.86
LC_Sample323,7.97,1.93,9.36,4.89,7.09,9.32,9.92,6.15,7.46,8.31,3.53,5.23,1.27,8.66,0.77,5.3,6.99,4.59,3.77,5.89,0.53,9.08,6.11,5.32,0.01,6.05,4.41,5.53,7.37,6.78,2.76,2.69,0.11,8.69,7.26,0.47,2.41,9.76,2.71,2.63,9.96,2.07,3.43,1.1,6.41,6.12,4.96,9.5,4.94,1.63,1.02,7.17,1.92,7.71,5.96,5.82,6.02,9.74,2.38,9.64,4.65,8.71,1.84,7.8,2.85,5.34,7.21,4.3,0.01,1.26,1.28,9.83,9.99,8.73,3.82,9.64,8.63,0.79,6.77,9.74,2.12,7.13,6.78,9.67,6.23,1.49,4.41,7.27,2.49,1.98,1.74,1.26,0.0,3.25,8.23,3.3,2.97,5.43,9.0,3.84
LC_Sample191,4.14,3.64,4.65,3.77,4.62,5.14,0.09,8.82,3.28,3.79,5.67,5.38,4.37,7.37,7.08,8.32,3.66,1.43,9.82,2.77,1.7,5.79,8.69,6.44,8.79,6.93,4.62,6.3,7.02,8.71,0.36,1.16,2.26,7.13,4.17,5.57,2.44,0.68,8.33,2.44,2.36,8.64,2.05,9.26,3.27,6.66,3.32,3.0,4.68,9.2,6.79,7.83,5.24,4.19,8.4,4.5,5.33,5.93,7.72,7.88,7.53,1.14,3.9,3.85,7.18,0.31,3.6,0.22,0.07,8.03,0.06,6.01,6.3,4.83,1.94,9.01,8.09,6.53,8.32,6.56,4.06,5.41,7.84,8.34,8.92,8.99,5.5,9.29,4.57,7.02,7.99,7.17,3.22,7.96,2.07,4.77,5.03,6.63,0.98,8.6
LC_Sample279,6.6,4.8,1.48,3.45,2.28,3.6,5.47,3.98,2.93,8.51,7.78,1.15,6.38,1.89,0.77,9.65,4.92,7.7,8.43,0.78,1.16,1.31,9.85,7.7,8.97,1.47,3.27,5.04,2.38,6.71,3.87,8.87,0.37,8.74,6.3,7.04,2.26,5.15,0.73,5.48,7.36,1.79,7.91,5.64,3.38,2.11,4.97,8.99,7.19,8.32,9.15,8.03,9.5,4.24,1.94,2.79,4.85,0.37,3.62,9.17,2.9,1.47,4.6,9.63,2.72,9.21,2.86,4.69,9.26,2.54,6.11,6.48,5.93,7.43,0.1,9.41,6.33,8.9,2.96,2.24,5.75,1.53,0.31,5.04,9.66,9.18,6.11,2.66,5.17,2.05,1.68,2.32,0.13,0.34,7.55,7.59,6.05,2.5,4.59,3.05
LC_Sample476,3.9,1.55,0.09,3.19,3.08,9.66,2.6,2.65,9.83,3.55,4.46,1.02,9.45,2.08,9.28,3.7,7.43,4.25,8.1,6.44,1.03,8.6,2.24,8.63,7.85,3.1,9.57,6.02,9.42,0.89,3.6,4.84,3.26,8.09,5.55,3.52,3.89,9.29,9.65,7.63,7.65,8.51,3.67,5.26,7.27,8.97,3.45,4.27,5.52,2.41,1.1,9.97,7.05,1.07,3.78,2.36,5.19,4.01,3.01,2.13,3.48,1.72,3.56,8.24,2.83,3.76,7.36,9.18,9.62,7.08,2.89,2.49,4.62,2.94,8.38,7.75,9.83,2.09,9.13,6.05,0.77,0.75,0.2,5.46,7.14,9.11,4.29,1.47,2.19,5.06,9.08,0.4,2.69,6.25,2.88,4.05,0.46,4.97,0.79,0.64
LC_Sample209,6.9,7.41,5.46,2.41,3.19,0.36,0.67,1.7,9.93,4.52,4.52,4.88,8.96,1.38,4.11,4.29,3.71,9.74,9.91,0.06,5.51,0.54,0.3,2.21,2.88,9.42,6.14,9.25,2.14,4.96,0.19,7.05,2.71,1.56,0.05,4.11,8.13,5.4,7.12,3.83,8.55,8.57,3.36,0.09,9.28,5.27,5.18,7.66,6.39,9.53,8.56,5.26,2.82,4.41,9.92,8.77,1.63,2.95,9.7,6.4,2.51,2.94,9.23,1.08,1.33,4.97,6.41,0.06,9.05,5.13,7.59,9.69,2.5,6.46,6.58,9.07,6.01,5.0,1.36,3.51,7.56,6.86,1.67,7.03,6.43,1.71,9.88,3.62,8.65,0.98,6.43,5.72,7.26,4.12,2.07,6.94,3.23,8.29,1.2,7.14
LC_Sample477,8.09,3.31,1.64,9.52,4.83,4.82,3.38,7.87,1.74,4.76,8.38,7.38,1.82,7.29,7.74,2.59,9.82,5.82,2.72,9.59,2.32,2.48,3.7,8.55,2.06,7.05,0.42,3.55,3.68,2.27,5.16,3.32,0.77,7.62,9.47,5.85,9.84,9.85,6.09,0.05,5.16,0.77,2.63,1.59,4.7,6.43,6.81,0.8,1.48,4.18,1.09,1.74,8.59,7.12,8.59,4.04,5.12,0.13,6.14,3.64,4.33,4.55,1.44,2.83,2.05,2.4,1.13,6.93,9.99,1.62,1.85,0.43,1.12,6.02,7.29,1.2,8.1,7.81,7.67,5.41,4.95,7.16,8.96,5.27,7.28,4.33,5.63,4.76,5.01,9.81,8.71,1.9,3.69,2.32,2.38,6.32,6.98,0.83,1.77,3.46
LC_Sample207,4.05,8.46,4.21,1.49,2.72,4.64,7.49,0.64,1.26,6.36,2.79,3.5,9.7,8.53,0.76,3.22,0.99,4.29,9.4,1.0,4.83,6.05,8.43,0.87,3.23,9.63,1.17,2.13,1.48,5.42,8.98,0.71,9.07,6.38,6.14,7.9,5.72,6.42,7.67,1.45,5.86,1.31,0.15,8.59,6.22,8.25,2.21,3.31,8.06,3.37,9.31,8.61,8.07,4.04,6.45,2.46,1.62,4.33,2.86,1.18,7.91,2.69,0.18,0.37,9.53,2.16,6.77,0.16,0.41,0.81,8.49,5.47,7.32,6.87,4.49,3.04,4.92,8.17,9.73,3.39,2.47,5.33,8.18,9.56,8.69,4.8,5.43,5.94,3.63,7.84,8.01,4.76,0.68,2.05,5.05,8.79,9.37,5.33,5.36,1.54
LC_Sample143,9.61,9.05,7.83,3.64,8.33,0.51,5.59,1.16,5.93,3.26,7.87,6.26,6.06,6.99,2.9,9.27,6.94,5.77,1.01,4.15,0.36,1.71,1.06,1.94,6.36,3.13,1.7,1.42,6.16,2.57,7.86,3.24,7.8,8.08,0.05,9.69,8.26,9.14,7.18,0.08,8.29,9.13,2.24,2.7,2.91,6.12,3.53,9.44,1.17,7.77,6.83,6.1,3.01,0.13,8.66,2.85,9.72,6.47,2.9,0.75,7.28,5.87,2.45,5.48,8.09,5.21,0.98,0.35,3.13,6.32,3.7,4.57,5.25,3.77,5.21,4.48,3.38,2.94,6.34,4.92,3.69,7.63,5.16,1.49,1.03,5.4,5.76,8.87,8.04,9.79,1.6,0.3,9.83,3.02,4.66,7.38,8.94,7.49,2.81,3.68
LC_Sample121,6.5,4.19,0.56,1.3,5.96,2.24,6.93,9.87,9.3,5.65,4.73,1.21,3.87,7.28,0.98,7.49,0.02,9.44,2.52,9.56,4.82,2.75,7.3,9.8,2.33,6.94,3.78,9.58,5.21,6.58,7.64,4.62,3.43,3.82,5.91,6.52,3.2,3.1,6.17,4.03,7.37,4.36,0.68,5.27,7.82,8.93,5.45,6.97,3.85,0.21,4.98,9.27,3.04,8.32,4.79,5.35,0.79,1.7,8.61,7.56,5.23,7.07,6.36,3.1,2.63,8.61,0.7,6.35,3.63,1.95,2.27,1.45,1.24,2.98,1.63,6.52,3.86,1.83,6.91,7.45,5.19,4.38,0.52,0.21,3.71,8.76,5.97,6.74,4.85,2.53,2.85,4.98,4.86,4.67,6.42,2.37,5.66,3.19,6.17,9.91
LC_Sample430,8.59,4.43,2.4,1.41,7.58,1.33,6.95,7.05,6.35,9.01,8.57,6.4,6.77,7.72,8.71,7.7,6.98,1.48,1.12,1.06,1.16,1.41,1.79,9.04,7.14,5.84,8.81,0.0,5.44,8.06,2.25,5.24,5.02,0.96,7.98,2.93,6.24,9.4,2.25,8.1,1.38,3.36,5.75,7.2,5.93,4.4,4.08,9.15,0.69,7.96,1.34,6.66,4.96,9.1,5.77,0.03,6.48,0.68,4.13,7.37,4.48,5.37,1.37,9.65,8.26,8.47,0.69,8.4,7.77,1.36,4.24,1.44,3.44,5.74,6.97,6.15,1.06,8.71,0.47,7.3,4.88,9.47,9.58,1.61,1.14,5.33,5.34,1.13,9.32,8.76,9.04,7.55,9.05,8.22,7.94,3.88,5.97,4.82,1.77,2.54
LC_Sample366,1.61,1.7,4.97,3.94,2.29,4.72,4.6,6.71,0.53,2.31,9.65,0.2,1.5,8.74,1.73,2.35,4.7,1.95,9.98,9.38,10.0,0.98,8.03,0.06,9.77,8.9,3.45,2.15,6.29,7.11,7.07,2.97,4.69,5.22,0.9,4.61,5.73,5.27,7.21,4.78,0.46,1.16,2.27,6.5,0.96,5.55,9.84,0.85,9.54,1.97,9.06,7.82,1.5,0.83,5.07,5.07,0.91,5.27,6.68,5.37,3.04,0.8,5.97,9.8,0.6,5.01,0.42,6.34,4.7,1.55,0.03,8.36,6.83,1.66,6.15,6.72,4.39,9.83,7.92,8.95,5.68,8.74,1.63,3.31,9.86,0.84,5.41,1.85,3.52,6.36,9.62,1.9,4.07,3.91,7.52,0.5,2.63,1.45,7.67,0.41
LC_Sample369,8.73,7.21,9.71,7.4,1.07,1.93,1.62,6.12,8.09,7.49,9.36,2.02,3.57,1.22,7.64,5.85,8.34,5.9,8.59,6.71,4.78,2.37,5.4,3.21,7.28,4.32,1.68,0.98,6.14,2.77,0.22,6.84,1.06,8.35,5.93,4.9,9.74,0.27,9.32,7.61,5.38,7.52,8.55,0.18,1.94,1.11,0.65,8.65,1.84,8.69,5.41,3.12,4.02,4.58,7.15,5.06,0.01,7.16,5.24,7.82,7.64,3.46,2.94,7.55,1.15,2.52,3.77,3.79,1.6,1.91,5.98,9.59,1.44,5.47,7.94,3.73,8.47,3.17,4.55,2.01,5.33,8.49,3.26,7.85,6.11,9.46,1.36,1.69,2.48,2.25,5.9,9.84,6.7,9.22,7.13,1.89,4.54,1.53,1.21,5.84
LC_Sample374,0.07,0.75,1.39,9.08,8.17,0.51,0.52,3.68,0.96,3.29,2.29,5.2,5.31,0.45,0.71,4.73,8.54,1.91,9.42,6.63,3.37,7.14,9.62,5.06,2.73,8.2,1.9,6.78,3.46,2.55,3.3,9.16,1.57,4.22,2.52,5.5,0.76,8.42,0.8,9.7,9.34,5.7,4.09,5.3,9.33,2.97,2.36,5.66,3.58,5.08,6.47,0.97,2.45,2.04,8.47,8.48,6.79,2.53,8.2,1.82,2.63,2.38,1.31,3.68,6.99,0.06,5.67,5.49,1.45,2.11,1.14,9.63,6.15,6.99,8.09,9.02,6.82,9.01,9.37,1.88,8.83,2.42,6.2,6.45,7.26,3.82,1.88,4.78,7.64,2.42,9.79,4.18,2.18,0.61,9.5,5.71,7.44,7.87,6.34,4.87
LC_Sample418,0.94,9.35,9.47,9.21,7.21,2.01,0.04,8.33,6.99,7.87,2.37,3.83,2.88,9.66,9.29,6.02,8.57,7.51,0.93,3.71,8.36,6.06,6.17,4.08,4.09,4.73,8.63,7.5,1.1,0.09,2.41,5.63,5.09,5.06,7.17,5.28,3.05,6.73,9.3,2.17,7.5,6.81,8.81,3.69,9.84,1.04,8.39,6.22,7.43,4.29,3.36,6.59,9.36,8.49,0.22,2.71,0.62,0.07,9.46,6.2,2.88,0.98,6.24,8.95,4.37,0.81,1.58,5.49,6.23,9.33,1.74,4.52,7.92,9.74,1.51,5.79,2.98,3.85,3.48,2.07,3.69,7.22,7.4,2.98,1.4,4.96,2.94,3.23,6.28,1.28,9.77,1.23,3.74,1.71,6.2,8.27,4.19,6.01,7.39,6.49
LC_Sample322,3.17,0.71,8.97,1.96,0.64,1.34,4.41,8.42,0.15,6.05,4.13,6.61,8.12,1.7,9.49,3.24,2.94,4.4,8.31,6.97,0.58,3.03,2.42,6.95,9.7,0.58,2.43,7.73,7.58,6.21,8.82,6.81,1.68,1.03,0.88,1.83,5.72,6.86,5.17,6.78,2.94,6.37,4.76,4.77,7.04,0.32,2.73,9.21,4.84,0.24,4.6,7.58,1.49,5.12,7.98,6.82,1.13,8.68,4.15,6.78,7.24,0.77,6.08,4.64,0.76,0.57,3.42,6.87,1.55,1.09,8.31,1.48,5.16,1.43,2.14,0.48,8.49,1.64,1.41,7.08,7.05,1.36,6.54,5.38,8.11,2.92,7.84,7.32,0.52,6.85,2.2,5.33,2.56,4.84,7.62,3.56,0.91,7.0,6.07,6.25
LC_Sample452,2.92,2.3,3.74,2.84,7.88,6.79,9.03,4.5,3.78,0.94,4.15,3.63,3.39,9.45,5.86,3.29,9.04,6.35,0.97,8.55,0.2,6.1,8.13,4.73,1.77,4.33,5.41,5.21,5.28,3.68,6.31,3.96,8.18,7.38,0.59,7.43,2.47,1.14,1.35,8.2,5.03,4.74,2.05,8.66,9.89,1.93,2.67,5.58,8.82,5.87,4.9,3.43,4.04,7.85,2.67,9.09,1.75,1.63,9.53,0.9,6.04,2.15,7.01,5.34,8.87,2.89,1.93,1.24,3.56,8.32,4.28,3.37,7.06,8.49,8.37,5.26,8.3,4.51,1.56,4.19,1.27,6.75,8.26,0.73,2.84,0.52,1.84,9.46,0.39,2.18,7.42,6.55,0.75,0.9,6.84,6.9,2.59,9.51,2.4,1.67
LC_Sample12,2.09,9.18,3.76,5.31,8.99,7.77,4.73,3.98,2.42,7.38,1.23,2.14,8.26,8.87,5.55,0.28,9.99,4.69,2.52,8.23,7.84,5.32,4.96,6.84,8.22,7.24,5.16,3.4,4.54,3.95,4.81,5.77,2.03,1.47,5.89,3.94,2.54,8.25,0.61,2.38,9.98,3.88,2.43,7.15,1.43,9.27,9.26,2.45,8.98,7.03,4.23,2.51,5.29,3.57,7.22,9.27,4.25,4.82,3.24,2.18,8.76,0.76,6.06,1.56,3.55,8.04,6.34,9.66,6.33,9.32,7.99,0.26,8.56,7.64,0.75,2.3,4.34,1.86,7.02,1.3,3.5,6.62,9.74,7.48,0.03,9.73,0.01,2.43,1.21,3.61,9.2,9.1,3.65,1.78,3.6,6.3,7.07,2.44,8.51,9.83
LC_Sample344,9.08,5.24,1.4,1.59,3.84,5.72,5.59,7.11,6.96,0.23,5.48,9.51,7.75,8.35,3.83,9.99,0.23,2.8,5.75,5.3,4.94,0.73,9.34,2.49,7.56,5.4,6.75,3.79,7.68,2.76,7.87,1.38,0.66,1.45,6.08,5.13,1.07,7.85,0.22,2.05,6.38,5.17,6.66,1.79,1.89,1.19,9.25,3.11,8.86,8.52,4.29,8.98,3.22,5.87,5.01,1.68,9.82,4.28,3.8,6.53,6.07,1.04,5.93,7.11,8.08,6.04,0.39,4.21,3.05,1.2,4.24,0.96,3.46,2.75,6.23,2.6,4.52,2.1,9.23,4.13,5.49,7.14,9.57,0.17,3.95,5.89,1.4,0.17,2.89,5.8,1.7,5.84,2.63,2.34,6.33,8.84,6.75,2.6,6.22,3.79
LC_Sample446,5.15,9.75,8.24,2.79,1.34,8.88,8.67,0.98,0.28,9.77,8.82,9.18,3.31,1.47,4.35,9.11,7.06,2.39,8.99,3.09,8.78,1.55,4.19,8.38,6.79,8.18,3.75,3.43,9.6,0.7,1.86,1.51,0.21,4.41,6.51,8.22,7.97,3.38,2.39,3.02,5.46,0.15,1.17,5.91,8.54,2.91,3.42,4.67,2.47,8.83,8.35,8.49,3.04,2.09,7.98,8.13,8.62,2.67,9.77,9.11,0.99,6.15,5.98,3.24,2.57,3.5,6.86,1.82,1.02,2.64,3.46,4.58,8.82,9.11,7.62,3.41,8.51,3.6,2.7,2.68,5.78,9.61,5.36,2.01,6.81,2.54,8.23,9.34,7.41,5.13,0.31,2.62,4.24,8.33,4.16,6.6,1.1,8.41,3.54,9.42
LC_Sample259,3.62,0.52,7.76,4.31,5.12,5.65,2.02,5.97,7.6,6.74,2.92,1.56,6.54,0.35,9.18,4.47,3.33,8.76,2.99,3.51,7.95,4.24,1.21,9.15,2.82,3.69,2.69,9.41,2.43,2.67,3.99,4.39,1.79,7.02,9.89,5.62,1.39,3.91,3.7,5.02,5.95,2.74,7.99,5.26,4.52,5.78,4.0,2.76,1.73,9.83,9.77,3.0,9.97,1.49,6.3,2.41,5.48,9.27,2.9,4.37,0.44,6.42,7.0,5.59,9.67,6.2,5.87,7.1,9.01,7.91,5.52,6.41,2.46,1.91,3.87,2.14,4.16,0.71,2.09,5.16,1.95,0.67,9.3,0.25,4.11,3.61,4.54,9.38,5.57,9.29,2.14,1.65,8.11,7.92,5.12,5.34,4.36,7.41,3.56,4.3
LC_Sample468,4.61,6.61,2.19,3.14,7.11,0.3,9.24,2.91,9.08,1.7,3.08,1.72,1.37,7.21,5.99,7.36,0.33,1.45,2.84,6.28,9.18,2.85,2.41,3.25,9.49,7.83,6.42,8.08,1.27,3.88,8.86,3.19,0.18,2.58,7.26,3.45,1.04,0.1,3.37,2.27,4.66,8.32,8.9,7.34,2.0,5.18,0.1,1.13,4.08,6.73,8.54,9.16,6.61,1.64,2.89,9.95,0.21,1.66,4.26,2.59,6.67,3.75,8.27,1.48,0.5,1.51,1.98,7.82,0.05,9.0,8.86,4.66,5.91,6.26,0.13,1.07,2.58,5.83,5.99,9.36,9.4,2.44,2.31,3.41,0.23,7.68,6.29,7.42,6.04,0.77,9.11,8.46,1.59,6.29,0.33,5.76,4.9,5.9,9.56,3.67
LC_Sample278,8.17,1.02,8.21,8.09,4.25,5.86,1.63,6.44,4.16,7.67,8.13,1.86,8.14,0.56,8.33,9.62,8.51,2.98,8.62,6.92,5.22,7.66,3.55,3.03,1.19,9.62,4.73,3.54,1.38,4.02,1.13,4.14,7.26,9.11,0.17,0.71,7.12,8.64,2.23,0.25,4.29,3.32,5.98,5.15,1.4,4.04,4.67,6.31,6.98,3.04,2.83,9.61,0.52,1.57,5.87,2.44,9.65,6.26,7.5,7.21,9.88,2.57,6.55,3.11,6.67,1.28,1.16,3.52,2.58,6.15,6.71,0.45,3.28,3.97,9.89,3.86,3.18,8.87,0.66,8.31,1.06,7.19,3.95,4.79,4.26,8.88,9.26,5.14,5.53,0.85,8.27,8.34,9.73,9.12,3.3,5.21,9.01,2.17,4.44,6.89
LC_Sample228,0.01,2.0,9.5,0.56,1.88,0.61,5.25,8.2,8.67,9.54,4.3,5.14,0.01,4.38,9.71,9.61,0.73,7.54,8.87,9.43,1.04,3.3,8.06,6.99,1.91,2.0,5.86,4.98,4.77,2.89,7.42,9.64,2.46,7.18,2.16,9.32,8.79,6.44,3.67,7.17,7.57,2.66,4.5,3.57,9.0,9.26,0.91,3.89,8.97,8.3,0.76,6.02,5.84,4.13,8.48,0.8,6.43,2.85,5.91,6.4,2.28,0.5,8.22,0.84,5.38,2.29,7.77,0.38,5.44,3.6,2.58,9.87,5.22,6.21,6.67,3.08,8.32,5.28,1.03,8.52,7.06,6.31,7.04,5.46,5.2,2.35,3.88,3.08,5.19,2.97,9.3,8.16,8.75,7.08,8.58,4.77,3.88,5.22,9.68,5.89
LC_Sample419,4.38,9.12,8.81,6.88,4.42,8.33,4.58,5.78,8.93,6.55,4.19,4.84,6.11,9.57,5.85,3.1,1.45,6.07,7.04,5.1,9.52,2.99,2.62,4.03,3.87,8.08,4.31,5.41,5.77,4.86,9.9,3.67,9.54,3.44,1.94,7.56,9.13,3.31,3.16,3.45,4.77,4.59,3.38,6.68,1.72,7.02,9.82,0.44,7.64,2.51,9.38,1.86,3.75,4.58,3.17,5.15,9.5,4.08,4.72,3.75,3.56,9.8,9.88,9.1,1.45,2.49,8.94,8.65,6.21,6.92,9.82,3.05,0.82,7.84,4.8,2.58,6.48,2.58,2.85,2.75,6.95,9.5,5.52,5.49,4.09,7.36,5.55,8.82,1.47,8.4,4.9,3.03,2.91,3.71,4.46,6.52,0.25,1.17,0.9,4.91
LC_Sample445,5.15,2.36,3.07,2.62,1.85,5.8,5.65,6.14,1.17,9.18,0.69,8.08,1.32,3.37,5.89,7.4,0.82,1.55,5.43,0.06,4.15,6.99,5.48,7.04,2.35,1.46,0.67,9.98,3.66,5.22,4.23,0.95,8.44,4.33,6.34,9.42,4.3,8.28,1.47,7.24,7.67,9.66,1.61,4.61,8.6,1.73,3.04,5.36,3.41,0.35,6.49,9.21,8.72,0.93,7.82,8.81,4.8,1.43,5.32,5.36,7.47,0.06,5.11,4.6,2.1,7.62,2.67,2.07,4.58,5.89,5.91,5.76,8.56,7.28,3.88,6.38,4.43,7.82,5.43,6.2,4.72,1.24,4.51,5.67,0.41,5.96,8.14,9.07,9.8,8.75,8.82,2.28,2.37,8.28,1.0,8.36,7.31,2.35,2.29,6.12
LC_Sample220,9.35,5.51,1.38,2.26,0.13,2.4,3.24,5.68,6.17,1.26,4.77,7.55,6.19,8.77,9.09,3.77,0.11,8.85,0.43,4.75,4.4,0.36,7.66,4.85,7.95,5.98,9.32,5.17,4.71,7.4,0.37,7.63,9.79,4.12,8.11,8.25,1.98,9.21,1.3,4.29,6.6,2.0,4.6,6.92,8.35,7.94,3.12,2.01,0.42,3.55,5.09,0.28,0.19,7.51,8.09,5.82,9.97,4.28,0.73,5.63,1.45,0.28,7.06,0.3,4.88,2.06,7.17,8.89,5.4,0.57,0.69,4.38,6.95,8.11,3.3,4.25,1.08,8.2,6.39,6.92,6.13,2.66,5.07,7.26,1.19,4.35,6.23,7.0,4.5,5.85,6.52,1.75,9.81,9.83,1.87,4.56,0.66,8.78,8.81,3.98
LC_Sample18,8.72,2.19,0.97,8.4,4.59,1.54,9.44,9.48,7.82,2.21,0.57,0.75,1.36,0.45,9.37,1.48,4.71,8.07,3.49,8.82,4.37,9.49,0.85,8.76,2.93,1.55,7.33,9.26,1.14,8.17,4.12,7.67,2.98,1.33,0.58,0.48,5.04,9.74,2.81,5.42,7.45,8.37,8.4,3.72,4.67,0.42,8.35,3.19,2.84,0.16,5.94,8.31,0.58,0.11,0.16,9.13,6.15,7.12,9.21,5.43,0.62,2.28,5.86,7.66,0.97,9.11,7.61,1.03,0.35,2.41,7.87,5.1,6.73,9.62,8.62,4.33,2.47,1.02,9.53,8.63,8.09,8.4,2.94,6.79,9.05,2.32,7.06,9.45,3.25,9.0,1.44,0.41,2.22,1.43,7.55,0.55,6.54,7.19,4.77,7.43
LC_Sample130,5.84,0.99,6.15,2.16,4.05,2.96,7.67,2.06,5.02,8.11,3.39,0.21,1.4,7.23,4.15,0.6,5.86,9.62,4.47,9.67,9.77,6.46,1.04,4.72,4.45,2.82,9.87,5.4,3.09,5.12,3.52,1.97,6.73,7.13,4.37,3.73,2.06,9.49,2.5,1.24,8.52,8.97,5.05,4.01,7.9,0.5,8.4,0.97,6.91,4.59,0.99,3.16,8.41,4.08,6.96,7.86,9.15,7.4,7.7,6.31,2.27,8.42,5.76,8.71,1.24,3.24,2.68,8.0,0.06,0.71,5.34,8.95,3.86,2.6,1.08,5.0,8.17,8.86,1.95,2.85,4.04,9.66,0.52,9.26,1.55,3.72,1.32,4.21,1.36,3.16,1.39,3.58,5.96,3.55,7.25,3.2,2.02,5.57,0.28,8.78
LC_Sample204,7.2,9.57,0.87,4.58,2.62,4.36,9.18,3.27,0.1,5.49,0.24,1.8,8.24,7.18,7.55,5.26,6.86,3.97,4.28,0.67,7.83,5.35,4.9,9.57,2.55,1.75,8.13,1.95,4.9,9.33,8.34,5.67,5.54,4.88,7.64,5.78,1.05,7.23,6.22,9.14,5.08,7.89,9.97,8.84,7.63,5.38,8.47,5.01,2.98,6.02,8.8,4.39,9.54,6.85,6.13,7.19,7.4,5.68,9.46,2.38,0.45,2.44,3.45,8.26,8.8,0.34,2.49,8.06,7.73,3.35,0.22,8.95,2.75,9.58,6.26,9.34,1.17,7.0,9.23,8.08,5.24,2.29,7.51,2.83,9.8,6.31,1.12,7.37,6.01,3.4,3.31,3.03,5.47,5.35,2.48,3.34,2.65,8.1,3.05,3.98
LC_Sample206,4.12,0.17,5.92,7.97,0.57,7.62,8.74,8.49,3.37,7.63,3.15,8.26,6.0,0.15,0.84,5.04,2.24,3.59,6.31,2.71,2.12,0.13,3.47,4.76,3.49,6.85,6.9,2.55,3.75,7.82,2.12,4.55,3.65,1.27,2.66,8.47,0.91,4.94,7.58,0.05,5.5,4.91,8.43,3.6,8.54,0.7,7.03,5.33,9.59,0.01,2.44,6.34,6.85,6.76,7.61,8.84,8.93,5.5,2.18,9.19,6.69,3.32,2.76,7.21,9.05,4.3,7.35,5.73,0.46,9.64,9.93,7.54,2.45,3.2,6.51,9.45,9.35,1.49,6.93,4.19,4.66,7.45,8.67,6.21,8.48,9.43,8.95,4.15,5.04,4.43,7.73,6.58,2.02,1.47,1.93,9.23,9.11,0.24,5.38,6.39
LC_Sample7,1.22,3.49,6.83,2.08,8.96,0.36,5.21,4.25,6.51,7.34,6.8,8.98,2.63,5.14,2.79,4.38,6.82,1.95,6.89,0.27,3.32,7.4,1.84,9.93,9.64,9.28,5.03,0.56,4.15,3.33,3.99,1.85,4.12,3.81,0.61,3.3,1.19,7.57,8.13,6.6,1.93,1.98,2.49,0.05,10.0,3.6,2.48,1.46,4.83,6.4,0.13,6.72,8.66,9.33,4.65,5.23,6.55,0.84,7.39,3.61,8.65,4.31,3.77,9.36,4.58,0.8,1.48,5.86,6.35,4.54,5.16,5.79,3.36,0.76,3.51,5.94,1.11,7.8,0.63,6.86,8.77,6.93,8.19,2.06,2.66,0.96,1.63,2.3,2.99,7.39,5.64,1.41,0.87,5.5,7.61,7.95,6.66,0.71,1.75,0.29
LC_Sample174,1.0,9.88,0.56,1.77,5.79,3.68,4.42,1.05,3.21,9.23,7.78,0.39,4.98,9.23,6.01,0.23,7.75,7.68,8.55,9.62,4.61,9.08,2.12,9.15,9.55,5.03,6.15,0.83,4.03,7.72,0.09,2.7,1.01,4.31,2.95,2.63,2.65,5.13,5.29,9.48,7.38,7.94,7.45,4.59,6.38,7.3,5.35,7.36,1.28,2.38,7.5,2.1,2.26,0.36,1.65,6.81,7.57,9.66,0.53,8.84,4.55,0.94,8.4,3.15,3.89,1.29,8.31,1.83,3.97,1.5,0.27,4.13,0.18,9.43,3.89,0.18,5.05,7.47,9.01,1.6,9.91,5.11,3.87,9.9,6.73,1.05,9.52,4.5,3.23,2.65,2.18,7.9,9.03,6.36,6.11,6.98,1.34,2.48,1.15,6.77
LC_Sample265,3.23,5.97,4.37,4.5,1.11,2.67,3.09,4.87,4.05,0.97,2.79,2.24,1.44,7.75,3.59,3.49,1.6,7.45,1.67,6.27,7.95,3.52,7.67,5.07,7.91,7.11,5.84,9.61,2.18,7.25,0.16,7.41,8.58,9.25,4.6,6.15,4.11,1.08,5.7,4.04,4.23,6.25,1.89,8.69,8.9,5.1,0.33,1.92,4.24,1.85,7.85,6.66,9.45,5.1,2.27,8.47,8.87,4.07,1.83,5.75,6.59,1.7,7.84,1.85,4.47,8.93,4.19,3.0,7.66,0.91,6.79,8.47,1.29,0.81,9.07,8.43,2.6,8.58,5.27,3.61,2.22,4.32,6.3,1.35,3.99,7.36,8.07,3.91,8.58,0.06,4.82,7.8,1.37,0.0,8.71,2.71,0.66,1.85,1.11,7.65
LC_Sample101,3.11,2.05,2.92,5.21,1.08,9.17,3.44,7.65,3.34,5.73,2.86,9.53,4.86,4.15,1.54,4.05,0.97,2.06,9.16,8.92,1.12,5.06,6.32,3.27,5.09,3.28,9.73,7.39,0.36,5.91,8.85,5.58,6.53,5.33,9.33,8.17,9.47,4.09,4.14,6.25,6.34,7.43,7.37,0.2,0.75,6.06,1.08,4.9,7.77,4.8,7.98,2.08,3.79,3.87,1.91,7.62,3.94,9.98,2.46,5.2,4.23,5.36,9.48,7.43,5.86,4.21,3.86,9.53,0.57,9.94,2.38,6.08,7.89,7.58,1.45,7.68,4.82,5.91,5.72,1.09,6.85,3.39,6.85,3.89,2.57,7.7,5.37,6.61,8.11,7.91,9.33,1.61,2.54,4.99,9.35,9.22,6.18,5.46,8.39,9.42
LC_Sample113,7.27,5.42,3.24,9.47,3.9,0.02,1.77,9.43,8.88,9.97,0.11,4.61,0.25,5.7,4.29,0.61,5.89,7.68,0.55,6.37,1.84,4.56,6.13,0.57,7.2,0.31,9.65,9.9,0.48,2.12,9.21,8.94,7.75,0.22,5.72,2.92,1.87,6.71,1.77,4.96,5.41,2.49,1.35,1.44,8.57,7.22,2.42,5.01,9.83,6.83,6.33,9.2,1.18,0.27,5.05,6.69,6.03,0.26,1.21,3.33,7.71,0.11,8.78,7.15,2.91,6.17,7.68,5.0,6.88,3.22,8.77,6.56,3.62,5.59,8.56,4.51,7.52,0.45,7.61,5.34,9.2,9.19,2.5,5.77,3.39,1.59,0.82,0.07,6.74,9.15,2.28,4.98,7.29,1.66,8.15,2.2,6.12,2.95,5.14,7.56
LC_Sample48,0.46,1.61,8.25,1.62,0.18,6.69,3.12,2.83,6.37,0.0,0.8,8.4,9.54,9.05,4.07,8.29,0.18,6.8,2.87,8.57,9.98,3.43,6.16,1.83,8.99,6.08,9.62,0.95,5.58,5.4,0.62,8.89,1.04,7.69,0.43,0.36,1.45,6.63,6.28,7.17,8.56,1.27,5.41,4.51,6.49,6.77,4.22,7.44,1.89,0.87,6.61,2.62,5.3,4.56,1.48,2.17,6.75,2.18,5.84,0.56,9.04,2.52,7.18,0.24,6.64,8.4,9.63,9.48,0.09,3.68,2.48,0.17,4.15,7.9,8.84,2.54,1.52,3.57,4.18,7.11,2.65,9.29,3.65,8.15,1.53,3.22,3.3,4.56,6.84,3.37,9.36,4.0,2.01,6.77,3.65,2.62,4.96,5.77,9.5,5.58
LC_Sample466,9.02,1.97,9.69,1.97,9.36,3.03,1.83,9.61,6.59,2.55,6.4,6.24,2.38,1.59,4.54,8.88,6.83,4.88,9.41,4.9,8.7,8.89,9.79,6.04,6.01,4.03,3.46,9.81,4.6,6.98,2.08,1.03,2.69,6.11,6.63,5.5,3.77,5.11,2.43,8.65,6.45,8.35,7.59,3.65,0.68,0.88,4.87,0.92,9.4,7.38,7.0,4.62,4.67,3.43,4.66,0.73,4.95,3.12,6.8,9.13,5.98,0.49,8.35,4.11,5.56,1.84,5.97,7.93,1.76,9.02,4.77,0.3,7.84,9.61,4.95,4.26,3.6,4.34,4.11,1.33,3.09,4.83,2.3,5.96,6.35,2.04,7.9,6.71,9.29,9.83,3.71,5.26,9.59,2.48,5.79,3.74,5.69,1.24,1.84,5.92
LC_Sample461,8.83,8.37,4.61,6.66,7.4,6.06,5.67,1.32,9.44,6.06,9.31,7.51,2.03,8.26,0.89,4.6,4.05,0.5,8.34,8.67,5.26,2.46,6.28,1.73,3.97,1.0,5.28,1.5,0.38,8.64,1.2,2.19,6.69,7.96,9.37,2.15,5.94,9.15,8.12,7.79,6.95,0.62,8.16,6.5,7.57,7.3,4.47,1.94,2.91,3.58,0.66,0.66,9.73,5.81,8.33,3.7,6.38,7.32,2.92,9.33,8.73,4.92,4.13,0.59,6.84,3.3,4.18,6.3,7.57,9.37,3.87,4.82,1.92,7.34,1.48,1.93,8.39,3.85,1.75,8.77,6.24,9.99,4.13,9.5,0.88,5.05,7.33,6.12,1.33,9.68,5.47,9.68,2.68,8.17,6.41,0.27,0.42,2.17,5.34,9.88
LC_Sample459,7.87,6.66,2.91,1.56,0.16,1.06,7.64,3.58,8.49,0.87,3.64,9.86,9.69,2.13,5.6,1.8,2.37,0.68,2.65,1.01,5.86,4.5,5.14,4.14,8.89,9.19,1.94,3.29,5.09,9.69,3.56,1.01,9.98,4.8,5.68,6.57,0.39,9.66,4.7,5.0,1.33,2.0,3.58,2.12,1.73,5.28,2.01,2.95,3.24,9.23,7.26,0.75,2.1,0.41,6.23,2.89,6.41,5.35,7.87,2.67,4.92,8.83,5.51,2.49,7.25,6.22,1.78,8.54,2.44,1.65,0.65,9.09,0.07,5.88,0.83,9.87,1.69,2.77,2.52,3.39,7.1,1.94,7.7,0.34,8.28,7.32,4.98,2.42,3.82,9.82,9.52,3.62,7.03,3.87,9.51,8.51,4.58,4.35,9.35,8.84
